{
  "required": true,
  "package": "arsenic.injection",
  "refmap": "mixins.arsenic.refmap.json",
  "compatibilityLevel": "JAVA_8",
  "client": [
    "accessor.IMixinEntityPlayerSP",
    "accessor.IMixinMinecraft",
    "accessor.IMixinPlayerControllerMp",
    "accessor.IMixinRenderManager",
    "mixin.MixinEntity",
    "mixin.MixinEntityLivingBase",
    "mixin.MixinEntityPlayerSP",
    "mixin.MixinEntityRenderer",
    "mixin.MixinFontRenderer",
    "mixin.MixinGuiChat",
    "mixin.MixinGuiContainer",
    "mixin.MixinGuiIngame",
    "mixin.MixinGuiMultiplayer",
    "mixin.MixinGuiScreen",
    "mixin.MixinGuiSpectator",
    "mixin.MixinItemRenderer",
    "mixin.MixinMinecraft",
    "mixin.MixinMovementInputFromOptions",
    "mixin.MixinNetHandlerPlayClient",
    "mixin.MixinRendererLivingEntity"
  ],
  "mixins": [
    "accessor.C03PacketPlayerAccessor",
    "accessor.C08PacketPlayerBlockPlacementAccessor",
    "accessor.C0FPacketConfirmTransactionAccessor",
    "accessor.ContainerAccessor",
    "accessor.EntityAccessor",
    "accessor.GuiAccessor",
    "accessor.IMixinC02PacketUseEntity",
    "accessor.IMixinItemSword",
    "accessor.IMixinS12PacketEntityVelocity",
    "mixin.MixinBlock",
    "mixin.MixinBlockLadder",
    "mixin.MixinBlockLilyPad",
    "mixin.MixinEntityPlayer",
    "mixin.MixinItemBlock",
    "mixin.MixinItemTool",
    "mixin.MixinNetworkManager",
    "mixin.MixinNetworkManagerChInit",
    "mixin.MixinWorld"
  ]
}