{
  "mappings": {
    "arsenic/injection/mixin/MixinBlock": {
      "addCollisionBoxesToList": "Lnet/minecraft/block/Block;func_180638_a(Lnet/minecraft/world/World;Lnet/minecraft/util/BlockPos;Lnet/minecraft/block/state/IBlockState;Lnet/minecraft/util/AxisAlignedBB;Ljava/util/List;Lnet/minecraft/entity/Entity;)V"
    },
    "arsenic/injection/mixin/MixinEntityLivingBase": {
      "onLivingUpdate": "Lnet/minecraft/entity/EntityLivingBase;func_70636_d()V",
      "jump": "Lnet/minecraft/entity/EntityLivingBase;func_70664_aZ()V"
    },
    "arsenic/injection/mixin/MixinNetHandlerPlayClient": {
      "handleJoinGame": "Lnet/minecraft/client/network/NetHandlerPlayClient;func_147282_a(Lnet/minecraft/network/play/server/S01PacketJoinGame;)V"
    },
    "arsenic/injection/accessor/C0FPacketConfirmTransactionAccessor": {
      "uid": "field_149534_b:S",
      "accepted": "field_149535_c:Z",
      "windowId": "field_149536_a:I"
    },
    "arsenic/injection/accessor/IMixinC02PacketUseEntity": {
      "hitVec": "field_179713_c:Lnet/minecraft/util/Vec3;"
    },
    "arsenic/injection/accessor/IMixinRenderManager": {
      "renderPosX": "field_78725_b:D",
      "renderPosY": "field_78726_c:D",
      "renderPosZ": "field_78723_d:D"
    },
    "arsenic/injection/mixin/MixinNetworkManagerChInit": {
      "net.minecraft.network.NetworkManager$5": "net/minecraft/network/NetworkManager$5"
    },
    "arsenic/injection/accessor/C08PacketPlayerBlockPlacementAccessor": {
      "stack": "field_149580_e:Lnet/minecraft/item/ItemStack;",
      "placedBlockDirection": "field_149579_d:I",
      "facingZ": "field_149584_h:F",
      "facingX": "field_149577_f:F",
      "field_179726_a": "field_179726_a:Lnet/minecraft/util/BlockPos;",
      "facingY": "field_149578_g:F",
      "position": "field_179725_b:Lnet/minecraft/util/BlockPos;"
    },
    "arsenic/injection/accessor/IItemTool": {
      "efficiencyOnProperMaterial": "field_77864_a:F"
    },
    "arsenic/injection/mixin/MixinGuiMultiplayer": {
      "createButtons": "Lnet/minecraft/client/gui/GuiMultiplayer;func_146794_g()V"
    },
    "arsenic/injection/accessor/IItemBucket": {
      "isFull": "field_77876_a:Lnet/minecraft/block/Block;"
    },
    "arsenic/injection/mixin/MixinGuiIngame": {
      "renderTooltip": "Lnet/minecraft/client/gui/GuiIngame;func_180479_a(Lnet/minecraft/client/gui/ScaledResolution;F)V"
    },
    "arsenic/injection/accessor/C03PacketPlayerAccessor": {
      "onGround": "field_149474_g:Z",
      "pitch": "field_149473_f:F",
      "yaw": "field_149476_e:F"
    },
    "arsenic/injection/accessor/IMixinPlayerControllerMp": {
      "netClientHandler": "field_78774_b:Lnet/minecraft/client/network/NetHandlerPlayClient;",
      "syncCurrentPlayItem": "func_78750_j()V"
    },
    "arsenic/injection/accessor/ContainerAccessor": {
      "transactionID": "field_75150_e:S"
    },
    "arsenic/injection/mixin/MixinEntityPlayer": {
      "attackTargetEntityWithCurrentItem": "Lnet/minecraft/entity/player/EntityPlayer;func_71059_n(Lnet/minecraft/entity/Entity;)V"
    },
    "arsenic/injection/mixin/MixinItemTool": {
      "damageVsEntity": "field_77865_bY:F"
    },
    "arsenic/injection/mixin/MixinGuiChat": {
      "drawScreen": "Lnet/minecraft/client/gui/GuiChat;func_73863_a(IIF)V",
      "keyTyped": "Lnet/minecraft/client/gui/GuiChat;func_73869_a(CI)V"
    },
    "arsenic/injection/mixin/MixinEntity": {
      "moveEntity": "Lnet/minecraft/entity/Entity;func_70091_d(DDD)V",
      "getCollisionBorderSize": "Lnet/minecraft/entity/Entity;func_70111_Y()F",
      "rayTrace": "Lnet/minecraft/entity/Entity;func_174822_a(DF)Lnet/minecraft/util/MovingObjectPosition;",
      "moveFlying": "Lnet/minecraft/entity/Entity;func_70060_a(FFF)V"
    },
    "arsenic/injection/mixin/MixinGuiContainer": {
      "drawScreen": "Lnet/minecraft/client/gui/inventory/GuiContainer;func_73863_a(IIF)V"
    },
    "arsenic/injection/mixin/MixinGuiScreen": {
      "sendChatMessage(Ljava/lang/String;Z)V": "Lnet/minecraft/client/gui/GuiScreen;func_175281_b(Ljava/lang/String;Z)V"
    },
    "arsenic/injection/mixin/MixinNetworkManager": {
      "sendPacket(Lnet/minecraft/network/Packet;)V": "Lnet/minecraft/network/NetworkManager;func_179290_a(Lnet/minecraft/network/Packet;)V",
      "channelRead0(Lio/netty/channel/ChannelHandlerContext;Lnet/minecraft/network/Packet;)V": "Lnet/minecraft/network/NetworkManager;channelRead0(Lio/netty/channel/ChannelHandlerContext;Lnet/minecraft/network/Packet;)V"
    },
    "arsenic/injection/accessor/IMixinItemSword": {
      "attackDamage": "field_150934_a:F"
    },
    "arsenic/injection/mixin/MixinWorld": {
      "spawnEntityInWorld": "Lnet/minecraft/world/World;func_72838_d(Lnet/minecraft/entity/Entity;)Z"
    },
    "arsenic/injection/mixin/MixinGuiSpectator": {
      "renderTooltip": "Lnet/minecraft/client/gui/GuiSpectator;func_175264_a(Lnet/minecraft/client/gui/ScaledResolution;F)V"
    },
    "arsenic/injection/mixin/MixinItemBlock": {
      "onItemUse": "Lnet/minecraft/item/ItemBlock;func_180614_a(Lnet/minecraft/item/ItemStack;Lnet/minecraft/entity/player/EntityPlayer;Lnet/minecraft/world/World;Lnet/minecraft/util/BlockPos;Lnet/minecraft/util/EnumFacing;FFF)Z"
    },
    "arsenic/injection/accessor/IMixinMinecraft": {
      "sendClickBlockToController": "func_147115_a(Z)V",
      "timer": "field_71428_T:Lnet/minecraft/util/Timer;",
      "rightClickMouse": "func_147121_ag()V"
    },
    "arsenic/injection/accessor/EntityAccessor": {
      "isInWeb": "field_70134_J:Z"
    },
    "arsenic/injection/mixin/MixinMinecraft": {
      "runGameLoop": "Lnet/minecraft/client/Minecraft;func_71411_J()V",
      "Lnet/minecraft/client/settings/KeyBinding;setKeyBindState(IZ)V": "Lnet/minecraft/client/settings/KeyBinding;func_74510_a(IZ)V",
      "Lnet/minecraft/client/multiplayer/PlayerControllerMP;attackEntity(Lnet/minecraft/entity/player/EntityPlayer;Lnet/minecraft/entity/Entity;)V": "Lnet/minecraft/client/multiplayer/PlayerControllerMP;func_78764_a(Lnet/minecraft/entity/player/EntityPlayer;Lnet/minecraft/entity/Entity;)V",
      "Lnet/minecraft/client/Minecraft;currentScreen:Lnet/minecraft/client/gui/GuiScreen;": "Lnet/minecraft/client/Minecraft;field_71462_r:Lnet/minecraft/client/gui/GuiScreen;",
      "Lnet/minecraft/client/Minecraft;ingameGUI:Lnet/minecraft/client/gui/GuiIngame;": "Lnet/minecraft/client/Minecraft;field_71456_v:Lnet/minecraft/client/gui/GuiIngame;",
      "startGame": "Lnet/minecraft/client/Minecraft;func_71384_a()V",
      "runTick": "Lnet/minecraft/client/Minecraft;func_71407_l()V",
      "clickMouse": "Lnet/minecraft/client/Minecraft;func_147116_af()V",
      "rightClickMouse": "Lnet/minecraft/client/Minecraft;func_147121_ag()V",
      "displayGuiScreen": "Lnet/minecraft/client/Minecraft;func_147108_a(Lnet/minecraft/client/gui/GuiScreen;)V"
    },
    "arsenic/injection/accessor/IMixinEntityPlayerSP": {
      "lastReportedPitch": "field_175165_bM:F",
      "positionUpdateTicks": "field_175168_bP:I",
      "serverSprintState": "field_175171_bO:Z",
      "lastReportedYaw": "field_175164_bL:F"
    },
    "arsenic/injection/mixin/MixinRendererLivingEntity": {
      "doRender(Lnet/minecraft/entity/EntityLivingBase;DDDFF)V": "Lnet/minecraft/client/renderer/entity/RendererLivingEntity;func_76986_a(Lnet/minecraft/entity/EntityLivingBase;DDDFF)V",
      "doRender": "Lnet/minecraft/client/renderer/entity/RendererLivingEntity;func_76986_a(Lnet/minecraft/entity/EntityLivingBase;DDDFF)V"
    },
    "arsenic/injection/mixin/MixinItemRenderer": {
      "renderItemInFirstPerson": "Lnet/minecraft/client/renderer/ItemRenderer;func_78440_a(F)V"
    },
    "arsenic/injection/mixin/MixinEntityPlayerSP": {
      "onLivingUpdate": "Lnet/minecraft/client/entity/EntityPlayerSP;func_70636_d()V",
      "onUpdateWalkingPlayer": "Lnet/minecraft/client/entity/EntityPlayerSP;func_175161_p()V",
      "Lnet/minecraft/client/network/NetHandlerPlayClient;addToSendQueue(Lnet/minecraft/network/Packet;)V": "Lnet/minecraft/client/network/NetHandlerPlayClient;func_147297_a(Lnet/minecraft/network/Packet;)V",
      "onUpdate": "Lnet/minecraft/client/entity/EntityPlayerSP;func_70071_h_()V",
      "Lnet/minecraft/client/entity/EntityPlayerSP;isUsingItem()Z": "Lnet/minecraft/client/entity/EntityPlayerSP;func_71039_bw()Z"
    },
    "arsenic/injection/mixin/MixinBlockLadder": {
      "setBlockBoundsBasedOnState": "Lnet/minecraft/block/BlockLadder;func_180654_a(Lnet/minecraft/world/IBlockAccess;Lnet/minecraft/util/BlockPos;)V"
    },
    "arsenic/injection/accessor/IMixinS12PacketEntityVelocity": {
      "motionZ": "field_149414_d:I",
      "motionY": "field_149416_c:I",
      "motionX": "field_149415_b:I"
    },
    "arsenic/injection/accessor/GuiAccessor": {
      "drawGradientRect": "func_73733_a(IIIIII)V",
      "drawHorizontalLine": "func_73730_a(IIII)V",
      "zLevel": "field_73735_i:F"
    },
    "arsenic/injection/mixin/MixinMovementInputFromOptions": {
      "updatePlayerMoveState": "Lnet/minecraft/util/MovementInputFromOptions;func_78898_a()V"
    },
    "arsenic/injection/mixin/MixinEntityRenderer": {
      "hurtCameraEffect": "Lnet/minecraft/client/renderer/EntityRenderer;func_78482_e(F)V",
      "Lnet/minecraft/client/renderer/EntityRenderer;renderHand:Z": "Lnet/minecraft/client/renderer/EntityRenderer;field_175074_C:Z",
      "getMouseOver": "Lnet/minecraft/client/renderer/EntityRenderer;func_78473_a(F)V",
      "updateCameraAndRender": "Lnet/minecraft/client/renderer/EntityRenderer;func_181560_a(FJ)V",
      "renderWorldPass": "Lnet/minecraft/client/renderer/EntityRenderer;func_175068_a(IFJ)V"
    }
  },
  "data": {
    "notch": {
      "arsenic/injection/mixin/MixinBlock": {
        "addCollisionBoxesToList": "Lafh;a(Ladm;Lcj;Lalz;Laug;Ljava/util/List;Lpk;)V"
      },
      "arsenic/injection/mixin/MixinEntityLivingBase": {
        "onLivingUpdate": "Lpr;m()V",
        "jump": "Lpr;bF()V"
      },
      "arsenic/injection/mixin/MixinNetHandlerPlayClient": {
        "handleJoinGame": "Lbcy;a(Lgt;)V"
      },
      "arsenic/injection/accessor/C0FPacketConfirmTransactionAccessor": {
        "uid": "b:S",
        "accepted": "c:Z",
        "windowId": "a:I"
      },
      "arsenic/injection/accessor/IMixinC02PacketUseEntity": {
        "hitVec": "c:Laui;"
      },
      "arsenic/injection/accessor/IMixinRenderManager": {
        "renderPosX": "o:D",
        "renderPosY": "p:D",
        "renderPosZ": "q:D"
      },
      "arsenic/injection/mixin/MixinNetworkManagerChInit": {
        "net.minecraft.network.NetworkManager$5": "ek$5"
      },
      "arsenic/injection/accessor/C08PacketPlayerBlockPlacementAccessor": {
        "stack": "d:Lzx;",
        "placedBlockDirection": "c:I",
        "facingZ": "g:F",
        "facingX": "e:F",
        "field_179726_a": "a:Lcj;",
        "facingY": "f:F",
        "position": "b:Lcj;"
      },
      "arsenic/injection/accessor/IItemTool": {
        "efficiencyOnProperMaterial": "a:F"
      },
      "arsenic/injection/mixin/MixinGuiMultiplayer": {
        "createButtons": "Lazh;a()V"
      },
      "arsenic/injection/accessor/IItemBucket": {
        "isFull": "a:Lafh;"
      },
      "arsenic/injection/mixin/MixinGuiIngame": {
        "renderTooltip": "Lavo;a(Lavr;F)V"
      },
      "arsenic/injection/accessor/C03PacketPlayerAccessor": {
        "onGround": "f:Z",
        "pitch": "e:F",
        "yaw": "d:F"
      },
      "arsenic/injection/accessor/IMixinPlayerControllerMp": {
        "netClientHandler": "b:Lbcy;",
        "syncCurrentPlayItem": "n()V"
      },
      "arsenic/injection/accessor/ContainerAccessor": {
        "transactionID": "a:S"
      },
      "arsenic/injection/mixin/MixinEntityPlayer": {
        "attackTargetEntityWithCurrentItem": "Lwn;f(Lpk;)V"
      },
      "arsenic/injection/mixin/MixinItemTool": {
        "damageVsEntity": "d:F"
      },
      "arsenic/injection/mixin/MixinGuiChat": {
        "drawScreen": "Lawv;a(IIF)V",
        "keyTyped": "Lawv;a(CI)V"
      },
      "arsenic/injection/mixin/MixinEntity": {
        "moveEntity": "Lpk;d(DDD)V",
        "getCollisionBorderSize": "Lpk;ao()F",
        "rayTrace": "Lpk;a(DF)Lauh;",
        "moveFlying": "Lpk;a(FFF)V"
      },
      "arsenic/injection/mixin/MixinGuiContainer": {
        "drawScreen": "Layl;a(IIF)V"
      },
      "arsenic/injection/mixin/MixinGuiScreen": {
        "sendChatMessage(Ljava/lang/String;Z)V": "Laxu;b(Ljava/lang/String;Z)V"
      },
      "arsenic/injection/mixin/MixinNetworkManager": {
        "sendPacket(Lnet/minecraft/network/Packet;)V": "Lek;a(Lff;)V",
        "channelRead0(Lio/netty/channel/ChannelHandlerContext;Lnet/minecraft/network/Packet;)V": "Lek;a(Lio/netty/channel/ChannelHandlerContext;Lff;)V"
      },
      "arsenic/injection/accessor/IMixinItemSword": {
        "attackDamage": "a:F"
      },
      "arsenic/injection/mixin/MixinWorld": {
        "spawnEntityInWorld": "Ladm;d(Lpk;)Z"
      },
      "arsenic/injection/mixin/MixinGuiSpectator": {
        "renderTooltip": "Lawm;a(Lavr;F)V"
      },
      "arsenic/injection/mixin/MixinItemBlock": {
        "onItemUse": "Lyo;a(Lzx;Lwn;Ladm;Lcj;Lcq;FFF)Z"
      },
      "arsenic/injection/accessor/IMixinMinecraft": {
        "sendClickBlockToController": "b(Z)V",
        "timer": "Y:Lavl;",
        "rightClickMouse": "ax()V"
      },
      "arsenic/injection/accessor/EntityAccessor": {
        "isInWeb": "H:Z"
      },
      "arsenic/injection/mixin/MixinMinecraft": {
        "runGameLoop": "Lave;av()V",
        "Lnet/minecraft/client/settings/KeyBinding;setKeyBindState(IZ)V": "Lavb;a(IZ)V",
        "Lnet/minecraft/client/multiplayer/PlayerControllerMP;attackEntity(Lnet/minecraft/entity/player/EntityPlayer;Lnet/minecraft/entity/Entity;)V": "Lbda;a(Lwn;Lpk;)V",
        "Lnet/minecraft/client/Minecraft;currentScreen:Lnet/minecraft/client/gui/GuiScreen;": "Lave;m:Laxu;",
        "Lnet/minecraft/client/Minecraft;ingameGUI:Lnet/minecraft/client/gui/GuiIngame;": "Lave;q:Lavo;",
        "startGame": "Lave;am()V",
        "runTick": "Lave;s()V",
        "clickMouse": "Lave;aw()V",
        "rightClickMouse": "Lave;ax()V",
        "displayGuiScreen": "Lave;a(Laxu;)V"
      },
      "arsenic/injection/accessor/IMixinEntityPlayerSP": {
        "lastReportedPitch": "bO:F",
        "positionUpdateTicks": "bR:I",
        "serverSprintState": "bQ:Z",
        "lastReportedYaw": "bN:F"
      },
      "arsenic/injection/mixin/MixinRendererLivingEntity": {
        "doRender(Lnet/minecraft/entity/EntityLivingBase;DDDFF)V": "Lbjl;a(Lpr;DDDFF)V",
        "doRender": "Lbjl;a(Lpr;DDDFF)V"
      },
      "arsenic/injection/mixin/MixinItemRenderer": {
        "renderItemInFirstPerson": "Lbfn;a(F)V"
      },
      "arsenic/injection/mixin/MixinEntityPlayerSP": {
        "onLivingUpdate": "Lbew;m()V",
        "onUpdateWalkingPlayer": "Lbew;p()V",
        "Lnet/minecraft/client/network/NetHandlerPlayClient;addToSendQueue(Lnet/minecraft/network/Packet;)V": "Lbcy;a(Lff;)V",
        "onUpdate": "Lbew;t_()V",
        "Lnet/minecraft/client/entity/EntityPlayerSP;isUsingItem()Z": "Lbew;bS()Z"
      },
      "arsenic/injection/mixin/MixinBlockLadder": {
        "setBlockBoundsBasedOnState": "Lahr;a(Ladq;Lcj;)V"
      },
      "arsenic/injection/accessor/IMixinS12PacketEntityVelocity": {
        "motionZ": "d:I",
        "motionY": "c:I",
        "motionX": "b:I"
      },
      "arsenic/injection/accessor/GuiAccessor": {
        "drawGradientRect": "a(IIIIII)V",
        "drawHorizontalLine": "a(IIII)V",
        "zLevel": "e:F"
      },
      "arsenic/injection/mixin/MixinMovementInputFromOptions": {
        "updatePlayerMoveState": "Lbev;a()V"
      },
      "arsenic/injection/mixin/MixinEntityRenderer": {
        "hurtCameraEffect": "Lbfk;d(F)V",
        "Lnet/minecraft/client/renderer/EntityRenderer;renderHand:Z": "Lbfk;C:Z",
        "getMouseOver": "Lbfk;a(F)V",
        "updateCameraAndRender": "Lbfk;a(FJ)V",
        "renderWorldPass": "Lbfk;a(IFJ)V"
      }
    },
    "searge": {
      "arsenic/injection/mixin/MixinBlock": {
        "addCollisionBoxesToList": "Lnet/minecraft/block/Block;func_180638_a(Lnet/minecraft/world/World;Lnet/minecraft/util/BlockPos;Lnet/minecraft/block/state/IBlockState;Lnet/minecraft/util/AxisAlignedBB;Ljava/util/List;Lnet/minecraft/entity/Entity;)V"
      },
      "arsenic/injection/mixin/MixinEntityLivingBase": {
        "onLivingUpdate": "Lnet/minecraft/entity/EntityLivingBase;func_70636_d()V",
        "jump": "Lnet/minecraft/entity/EntityLivingBase;func_70664_aZ()V"
      },
      "arsenic/injection/mixin/MixinNetHandlerPlayClient": {
        "handleJoinGame": "Lnet/minecraft/client/network/NetHandlerPlayClient;func_147282_a(Lnet/minecraft/network/play/server/S01PacketJoinGame;)V"
      },
      "arsenic/injection/accessor/C0FPacketConfirmTransactionAccessor": {
        "uid": "field_149534_b:S",
        "accepted": "field_149535_c:Z",
        "windowId": "field_149536_a:I"
      },
      "arsenic/injection/accessor/IMixinC02PacketUseEntity": {
        "hitVec": "field_179713_c:Lnet/minecraft/util/Vec3;"
      },
      "arsenic/injection/accessor/IMixinRenderManager": {
        "renderPosX": "field_78725_b:D",
        "renderPosY": "field_78726_c:D",
        "renderPosZ": "field_78723_d:D"
      },
      "arsenic/injection/mixin/MixinNetworkManagerChInit": {
        "net.minecraft.network.NetworkManager$5": "net/minecraft/network/NetworkManager$5"
      },
      "arsenic/injection/accessor/C08PacketPlayerBlockPlacementAccessor": {
        "stack": "field_149580_e:Lnet/minecraft/item/ItemStack;",
        "placedBlockDirection": "field_149579_d:I",
        "facingZ": "field_149584_h:F",
        "facingX": "field_149577_f:F",
        "field_179726_a": "field_179726_a:Lnet/minecraft/util/BlockPos;",
        "facingY": "field_149578_g:F",
        "position": "field_179725_b:Lnet/minecraft/util/BlockPos;"
      },
      "arsenic/injection/accessor/IItemTool": {
        "efficiencyOnProperMaterial": "field_77864_a:F"
      },
      "arsenic/injection/mixin/MixinGuiMultiplayer": {
        "createButtons": "Lnet/minecraft/client/gui/GuiMultiplayer;func_146794_g()V"
      },
      "arsenic/injection/accessor/IItemBucket": {
        "isFull": "field_77876_a:Lnet/minecraft/block/Block;"
      },
      "arsenic/injection/mixin/MixinGuiIngame": {
        "renderTooltip": "Lnet/minecraft/client/gui/GuiIngame;func_180479_a(Lnet/minecraft/client/gui/ScaledResolution;F)V"
      },
      "arsenic/injection/accessor/C03PacketPlayerAccessor": {
        "onGround": "field_149474_g:Z",
        "pitch": "field_149473_f:F",
        "yaw": "field_149476_e:F"
      },
      "arsenic/injection/accessor/IMixinPlayerControllerMp": {
        "netClientHandler": "field_78774_b:Lnet/minecraft/client/network/NetHandlerPlayClient;",
        "syncCurrentPlayItem": "func_78750_j()V"
      },
      "arsenic/injection/accessor/ContainerAccessor": {
        "transactionID": "field_75150_e:S"
      },
      "arsenic/injection/mixin/MixinEntityPlayer": {
        "attackTargetEntityWithCurrentItem": "Lnet/minecraft/entity/player/EntityPlayer;func_71059_n(Lnet/minecraft/entity/Entity;)V"
      },
      "arsenic/injection/mixin/MixinItemTool": {
        "damageVsEntity": "field_77865_bY:F"
      },
      "arsenic/injection/mixin/MixinGuiChat": {
        "drawScreen": "Lnet/minecraft/client/gui/GuiChat;func_73863_a(IIF)V",
        "keyTyped": "Lnet/minecraft/client/gui/GuiChat;func_73869_a(CI)V"
      },
      "arsenic/injection/mixin/MixinEntity": {
        "moveEntity": "Lnet/minecraft/entity/Entity;func_70091_d(DDD)V",
        "getCollisionBorderSize": "Lnet/minecraft/entity/Entity;func_70111_Y()F",
        "rayTrace": "Lnet/minecraft/entity/Entity;func_174822_a(DF)Lnet/minecraft/util/MovingObjectPosition;",
        "moveFlying": "Lnet/minecraft/entity/Entity;func_70060_a(FFF)V"
      },
      "arsenic/injection/mixin/MixinGuiContainer": {
        "drawScreen": "Lnet/minecraft/client/gui/inventory/GuiContainer;func_73863_a(IIF)V"
      },
      "arsenic/injection/mixin/MixinGuiScreen": {
        "sendChatMessage(Ljava/lang/String;Z)V": "Lnet/minecraft/client/gui/GuiScreen;func_175281_b(Ljava/lang/String;Z)V"
      },
      "arsenic/injection/mixin/MixinNetworkManager": {
        "sendPacket(Lnet/minecraft/network/Packet;)V": "Lnet/minecraft/network/NetworkManager;func_179290_a(Lnet/minecraft/network/Packet;)V",
        "channelRead0(Lio/netty/channel/ChannelHandlerContext;Lnet/minecraft/network/Packet;)V": "Lnet/minecraft/network/NetworkManager;channelRead0(Lio/netty/channel/ChannelHandlerContext;Lnet/minecraft/network/Packet;)V"
      },
      "arsenic/injection/accessor/IMixinItemSword": {
        "attackDamage": "field_150934_a:F"
      },
      "arsenic/injection/mixin/MixinWorld": {
        "spawnEntityInWorld": "Lnet/minecraft/world/World;func_72838_d(Lnet/minecraft/entity/Entity;)Z"
      },
      "arsenic/injection/mixin/MixinGuiSpectator": {
        "renderTooltip": "Lnet/minecraft/client/gui/GuiSpectator;func_175264_a(Lnet/minecraft/client/gui/ScaledResolution;F)V"
      },
      "arsenic/injection/mixin/MixinItemBlock": {
        "onItemUse": "Lnet/minecraft/item/ItemBlock;func_180614_a(Lnet/minecraft/item/ItemStack;Lnet/minecraft/entity/player/EntityPlayer;Lnet/minecraft/world/World;Lnet/minecraft/util/BlockPos;Lnet/minecraft/util/EnumFacing;FFF)Z"
      },
      "arsenic/injection/accessor/IMixinMinecraft": {
        "sendClickBlockToController": "func_147115_a(Z)V",
        "timer": "field_71428_T:Lnet/minecraft/util/Timer;",
        "rightClickMouse": "func_147121_ag()V"
      },
      "arsenic/injection/accessor/EntityAccessor": {
        "isInWeb": "field_70134_J:Z"
      },
      "arsenic/injection/mixin/MixinMinecraft": {
        "runGameLoop": "Lnet/minecraft/client/Minecraft;func_71411_J()V",
        "Lnet/minecraft/client/settings/KeyBinding;setKeyBindState(IZ)V": "Lnet/minecraft/client/settings/KeyBinding;func_74510_a(IZ)V",
        "Lnet/minecraft/client/multiplayer/PlayerControllerMP;attackEntity(Lnet/minecraft/entity/player/EntityPlayer;Lnet/minecraft/entity/Entity;)V": "Lnet/minecraft/client/multiplayer/PlayerControllerMP;func_78764_a(Lnet/minecraft/entity/player/EntityPlayer;Lnet/minecraft/entity/Entity;)V",
        "Lnet/minecraft/client/Minecraft;currentScreen:Lnet/minecraft/client/gui/GuiScreen;": "Lnet/minecraft/client/Minecraft;field_71462_r:Lnet/minecraft/client/gui/GuiScreen;",
        "Lnet/minecraft/client/Minecraft;ingameGUI:Lnet/minecraft/client/gui/GuiIngame;": "Lnet/minecraft/client/Minecraft;field_71456_v:Lnet/minecraft/client/gui/GuiIngame;",
        "startGame": "Lnet/minecraft/client/Minecraft;func_71384_a()V",
        "runTick": "Lnet/minecraft/client/Minecraft;func_71407_l()V",
        "clickMouse": "Lnet/minecraft/client/Minecraft;func_147116_af()V",
        "rightClickMouse": "Lnet/minecraft/client/Minecraft;func_147121_ag()V",
        "displayGuiScreen": "Lnet/minecraft/client/Minecraft;func_147108_a(Lnet/minecraft/client/gui/GuiScreen;)V"
      },
      "arsenic/injection/accessor/IMixinEntityPlayerSP": {
        "lastReportedPitch": "field_175165_bM:F",
        "positionUpdateTicks": "field_175168_bP:I",
        "serverSprintState": "field_175171_bO:Z",
        "lastReportedYaw": "field_175164_bL:F"
      },
      "arsenic/injection/mixin/MixinRendererLivingEntity": {
        "doRender(Lnet/minecraft/entity/EntityLivingBase;DDDFF)V": "Lnet/minecraft/client/renderer/entity/RendererLivingEntity;func_76986_a(Lnet/minecraft/entity/EntityLivingBase;DDDFF)V",
        "doRender": "Lnet/minecraft/client/renderer/entity/RendererLivingEntity;func_76986_a(Lnet/minecraft/entity/EntityLivingBase;DDDFF)V"
      },
      "arsenic/injection/mixin/MixinItemRenderer": {
        "renderItemInFirstPerson": "Lnet/minecraft/client/renderer/ItemRenderer;func_78440_a(F)V"
      },
      "arsenic/injection/mixin/MixinEntityPlayerSP": {
        "onLivingUpdate": "Lnet/minecraft/client/entity/EntityPlayerSP;func_70636_d()V",
        "onUpdateWalkingPlayer": "Lnet/minecraft/client/entity/EntityPlayerSP;func_175161_p()V",
        "Lnet/minecraft/client/network/NetHandlerPlayClient;addToSendQueue(Lnet/minecraft/network/Packet;)V": "Lnet/minecraft/client/network/NetHandlerPlayClient;func_147297_a(Lnet/minecraft/network/Packet;)V",
        "onUpdate": "Lnet/minecraft/client/entity/EntityPlayerSP;func_70071_h_()V",
        "Lnet/minecraft/client/entity/EntityPlayerSP;isUsingItem()Z": "Lnet/minecraft/client/entity/EntityPlayerSP;func_71039_bw()Z"
      },
      "arsenic/injection/mixin/MixinBlockLadder": {
        "setBlockBoundsBasedOnState": "Lnet/minecraft/block/BlockLadder;func_180654_a(Lnet/minecraft/world/IBlockAccess;Lnet/minecraft/util/BlockPos;)V"
      },
      "arsenic/injection/accessor/IMixinS12PacketEntityVelocity": {
        "motionZ": "field_149414_d:I",
        "motionY": "field_149416_c:I",
        "motionX": "field_149415_b:I"
      },
      "arsenic/injection/accessor/GuiAccessor": {
        "drawGradientRect": "func_73733_a(IIIIII)V",
        "drawHorizontalLine": "func_73730_a(IIII)V",
        "zLevel": "field_73735_i:F"
      },
      "arsenic/injection/mixin/MixinMovementInputFromOptions": {
        "updatePlayerMoveState": "Lnet/minecraft/util/MovementInputFromOptions;func_78898_a()V"
      },
      "arsenic/injection/mixin/MixinEntityRenderer": {
        "hurtCameraEffect": "Lnet/minecraft/client/renderer/EntityRenderer;func_78482_e(F)V",
        "Lnet/minecraft/client/renderer/EntityRenderer;renderHand:Z": "Lnet/minecraft/client/renderer/EntityRenderer;field_175074_C:Z",
        "getMouseOver": "Lnet/minecraft/client/renderer/EntityRenderer;func_78473_a(F)V",
        "updateCameraAndRender": "Lnet/minecraft/client/renderer/EntityRenderer;func_181560_a(FJ)V",
        "renderWorldPass": "Lnet/minecraft/client/renderer/EntityRenderer;func_175068_a(IFJ)V"
      }
    }
  }
}