{
  "nether_wastes": "nether",
  "soul_sand_valley": "nether",
  "crimson_forest": "nether",
  "warped_forest": "nether",
  "basalt_deltas": "nether",
  "dripstone_caves": "mountains",
  "lush_caves": "mountains",
  "meadow": "plains",
  "grove": "snowy_mountains",
  "snowy_slopes": "snowy_mountains",
  "frozen_peaks": "snowy_mountains",
  "jagged_peaks": "mountains",
  "stony_peaks": "mountains",
  "windswept_hills": "mountains",
  "snowy_plains": "snowy_tundra",
  "sparse_jungle": "jungle_edge",
  "stony_shore": "stone_shore",
  "old_growth_pine_taiga": "giant_spruce_taiga",
  "windswept_forest": "wooded_mountains",
  "wooded_badlands": "wooded_badlands_plateau",
  "windswept_gravelly_hills": "gravelly_mountains",
  "old_growth_birch_forest": "tall_birch_forest",
  "old_growth_spruce_taiga": "giant_spruce_taiga",
  "windswept_savanna": "shattered_savanna",
  "mangrove_swamp": "swamp",
  "deep_dark": "mountains",
  "cherry_grove": "flower_forest"
}